r[m],sigma_0.05,sigma_0.1,sigma_0.15,sigma_0.2,sigma_0.25
0.5,-0.0,-0.0,-0.0,-0.0,-0.0
0.499,0.008324999999999999,0.008324999999999999,0.008324999999999999,0.008324999999999999,0.008324999999999999
0.498,0.016633333333333316,0.016633333333333316,0.016633333333333316,0.016633333333333316,0.016633333333333316
0.497,0.02492499999999995,0.02492499999999995,0.02492499999999995,0.02492499999999995,0.02492499999999995
0.496,0.03320000000000013,0.03320000000000013,0.03320000000000013,0.03320000000000013,0.03320000000000013
0.495,0.041458333333333396,0.041458333333333396,0.041458333333333396,0.041458333333333396,0.041458333333333396
0.494,0.04969999999999998,0.04969999999999998,0.04969999999999998,0.04969999999999998,0.04969999999999998
0.493,0.05792500000000011,0.05792500000000011,0.05792500000000011,0.05792500000000011,0.05792500000000011
0.492,0.06613333333333332,0.06613333333333332,0.06613333333333332,0.06613333333333332,0.06613333333333332
0.491,0.07432500000000009,0.07432500000000009,0.07432500000000009,0.07432500000000009,0.07432500000000009
0.49,0.08250000000000017,0.08250000000000017,0.08250000000000017,0.08250000000000017,0.08250000000000017
0.489,0.09065833333333334,0.09065833333333334,0.09065833333333334,0.09065833333333334,0.09065833333333334
0.488,0.09880000000000005,0.09880000000000005,0.09880000000000005,0.09880000000000005,0.09880000000000005
0.487,0.10692500000000009,0.10692500000000009,0.10692500000000009,0.10692500000000009,0.10692500000000009
0.486,0.11503333333333343,0.11503333333333343,0.11503333333333343,0.11503333333333343,0.11503333333333343
0.485,0.1231250000000001,0.1231250000000001,0.1231250000000001,0.1231250000000001,0.1231250000000001
0.484,0.13120000000000007,0.13120000000000007,0.13120000000000007,0.13120000000000007,0.13120000000000007
0.483,0.13925833333333337,0.13925833333333337,0.13925833333333337,0.13925833333333337,0.13925833333333337
0.482,0.1473000000000002,0.1473000000000002,0.1473000000000002,0.1473000000000002,0.1473000000000002
0.481,0.15532500000000016,0.15532500000000016,0.15532500000000016,0.15532500000000016,0.15532500000000016
0.48,0.16333333333333339,0.16333333333333339,0.16333333333333339,0.16333333333333339,0.16333333333333339
0.479,0.1713250000000002,0.1713250000000002,0.1713250000000002,0.1713250000000002,0.1713250000000002
0.478,0.17930000000000007,0.17930000000000007,0.17930000000000007,0.17930000000000007,0.17930000000000007
0.477,0.1872583333333335,0.1872583333333335,0.1872583333333335,0.1872583333333335,0.1872583333333335
0.476,0.19520000000000023,0.19520000000000023,0.19520000000000023,0.19520000000000023,0.19520000000000023
0.475,0.20312500000000008,0.20312500000000008,0.20312500000000008,0.20312500000000008,0.20312500000000008
0.474,0.21103333333333346,0.21103333333333346,0.21103333333333346,0.21103333333333346,0.21103333333333346
0.473,0.21892500000000015,0.21892500000000015,0.21892500000000015,0.21892500000000015,0.21892500000000015
0.472,0.22680000000000017,0.22680000000000017,0.22680000000000017,0.22680000000000017,0.22680000000000017
0.471,0.2346583333333335,0.2346583333333335,0.2346583333333335,0.2346583333333335,0.2346583333333335
0.47,0.24250000000000013,0.24250000000000013,0.24250000000000013,0.24250000000000013,0.24250000000000013
0.469,0.25032500000000035,0.25032500000000035,0.25032500000000035,0.25032500000000035,0.25032500000000035
0.46799999999999997,0.2581333333333336,0.2581333333333336,0.2581333333333336,0.2581333333333336,0.2581333333333336
0.46699999999999997,0.2659250000000002,0.2659250000000002,0.2659250000000002,0.2659250000000002,0.2659250000000002
0.46599999999999997,0.27370000000000033,0.27370000000000033,0.27370000000000033,0.27370000000000033,0.27370000000000033
0.46499999999999997,0.2814583333333336,0.2814583333333336,0.2814583333333336,0.2814583333333336,0.2814583333333336
0.46399999999999997,0.28920000000000035,0.28920000000000035,0.28920000000000035,0.28920000000000035,0.28920000000000035
0.46299999999999997,0.2969250000000002,0.2969250000000002,0.2969250000000002,0.2969250000000002,0.2969250000000002
0.46199999999999997,0.30463333333333364,0.30463333333333364,0.30463333333333364,0.30463333333333364,0.30463333333333364
0.46099999999999997,0.31232500000000035,0.31232500000000035,0.31232500000000035,0.31232500000000035,0.31232500000000035
0.45999999999999996,0.3200000000000004,0.3200000000000004,0.3200000000000004,0.3200000000000004,0.3200000000000004
0.45899999999999996,0.32765833333333355,0.32765833333333355,0.32765833333333355,0.32765833333333355,0.32765833333333355
0.45799999999999996,0.3353000000000002,0.3353000000000002,0.3353000000000002,0.3353000000000002,0.3353000000000002
0.45699999999999996,0.3429250000000004,0.3429250000000004,0.3429250000000004,0.3429250000000004,0.3429250000000004
0.45599999999999996,0.35053333333333375,0.35053333333333375,0.35053333333333375,0.35053333333333375,0.35053333333333375
0.45499999999999996,0.35812500000000036,0.35812500000000036,0.35812500000000036,0.35812500000000036,0.35812500000000036
0.45399999999999996,0.3657000000000003,0.3657000000000003,0.3657000000000003,0.3657000000000003,0.3657000000000003
0.45299999999999996,0.3732583333333336,0.3732583333333336,0.3732583333333336,0.3732583333333336,0.3732583333333336
0.45199999999999996,0.38080000000000036,0.38080000000000036,0.38080000000000036,0.38080000000000036,0.38080000000000036
0.45099999999999996,0.38832500000000025,0.38832500000000025,0.38832500000000025,0.38832500000000025,0.38832500000000025
0.44999999999999996,0.3958333333333332,0.3958333333333337,0.3958333333333337,0.3958333333333337,0.3958333333333337
0.44899999999999995,0.3958352062499999,0.4033250000000005,0.4033250000000005,0.4033250000000005,0.4033250000000005
0.44799999999999995,0.3958370749999999,0.41080000000000033,0.41080000000000033,0.41080000000000033,0.41080000000000033
0.44699999999999995,0.3958389395833332,0.41825833333333373,0.41825833333333373,0.41825833333333373,0.41825833333333373
0.44599999999999995,0.3958407999999999,0.4257000000000004,0.4257000000000004,0.4257000000000004,0.4257000000000004
0.44499999999999995,0.3958426562499999,0.4331250000000004,0.4331250000000004,0.4331250000000004,0.4331250000000004
0.44399999999999995,0.3958445083333332,0.4405333333333338,0.4405333333333338,0.4405333333333338,0.4405333333333338
0.44299999999999995,0.39584635624999986,0.44792500000000046,0.44792500000000046,0.44792500000000046,0.44792500000000046
0.44199999999999995,0.3958481999999999,0.4553000000000004,0.4553000000000004,0.4553000000000004,0.4553000000000004
0.44099999999999995,0.3958500395833332,0.4626583333333337,0.4626583333333337,0.4626583333333337,0.4626583333333337
0.43999999999999995,0.3958518749999999,0.4700000000000003,0.4700000000000003,0.4700000000000003,0.4700000000000003
0.43899999999999995,0.3958537062499999,0.47732500000000044,0.47732500000000044,0.47732500000000044,0.47732500000000044
0.43799999999999994,0.39585553333333323,0.4846333333333337,0.4846333333333337,0.4846333333333337,0.4846333333333337
0.43699999999999994,0.39585735624999985,0.4919250000000005,0.4919250000000005,0.4919250000000005,0.4919250000000005
0.43599999999999994,0.3958591749999999,0.49920000000000037,0.49920000000000037,0.49920000000000037,0.49920000000000037
0.43499999999999994,0.3958609895833332,0.5064583333333338,0.5064583333333338,0.5064583333333338,0.5064583333333338
0.43399999999999994,0.39586279999999985,0.5137000000000005,0.5137000000000005,0.5137000000000005,0.5137000000000005
0.43299999999999994,0.39586460624999986,0.5209250000000004,0.5209250000000004,0.5209250000000004,0.5209250000000004
0.43199999999999994,0.3958664083333332,0.5281333333333338,0.5281333333333338,0.5281333333333338,0.5281333333333338
0.43099999999999994,0.39586820624999985,0.5353250000000004,0.5353250000000004,0.5353250000000004,0.5353250000000004
0.42999999999999994,0.39586999999999983,0.5425000000000004,0.5425000000000004,0.5425000000000004,0.5425000000000004
0.42899999999999994,0.39587178958333324,0.5496583333333338,0.5496583333333338,0.5496583333333338,0.5496583333333338
0.42799999999999994,0.39587357499999987,0.5568000000000004,0.5568000000000004,0.5568000000000004,0.5568000000000004
0.42699999999999994,0.39587535624999987,0.5639250000000006,0.5639250000000006,0.5639250000000006,0.5639250000000006
0.42599999999999993,0.39587713333333324,0.5710333333333338,0.5710333333333338,0.5710333333333338,0.5710333333333338
0.42499999999999993,0.3958789062499999,0.5781250000000004,0.5781250000000004,0.5781250000000004,0.5781250000000004
0.42399999999999993,0.3958806749999999,0.5852000000000006,0.5852000000000006,0.5852000000000006,0.5852000000000006
0.42299999999999993,0.39588243958333325,0.5922583333333338,0.5922583333333338,0.5922583333333338,0.5922583333333338
0.42199999999999993,0.3958841999999999,0.5993000000000006,0.5993000000000006,0.5993000000000006,0.5993000000000006
0.42099999999999993,0.3958859562499999,0.6063250000000004,0.6063250000000004,0.6063250000000004,0.6063250000000004
0.41999999999999993,0.39588770833333325,0.6133333333333338,0.6133333333333338,0.6133333333333338,0.6133333333333338
0.41899999999999993,0.3958894562499999,0.6203250000000006,0.6203250000000006,0.6203250000000006,0.6203250000000006
0.4179999999999999,0.39589119999999983,0.6273000000000006,0.6273000000000006,0.6273000000000006,0.6273000000000006
0.4169999999999999,0.3958929395833332,0.6342583333333339,0.6342583333333339,0.6342583333333339,0.6342583333333339
0.4159999999999999,0.3958946749999999,0.6412000000000007,0.6412000000000007,0.6412000000000007,0.6412000000000007
0.4149999999999999,0.39589640624999983,0.6481250000000006,0.6481250000000006,0.6481250000000006,0.6481250000000006
0.4139999999999999,0.39589813333333324,0.6550333333333339,0.6550333333333339,0.6550333333333339,0.6550333333333339
0.4129999999999999,0.39589985624999985,0.6619250000000005,0.6619250000000005,0.6619250000000005,0.6619250000000005
0.4119999999999999,0.3959015749999999,0.6688000000000007,0.6688000000000007,0.6688000000000007,0.6688000000000007
0.4109999999999999,0.3959032895833332,0.6756583333333339,0.6756583333333339,0.6756583333333339,0.6756583333333339
0.4099999999999999,0.3959049999999999,0.6825000000000006,0.6825000000000006,0.6825000000000006,0.6825000000000006
0.4089999999999999,0.3959067062499999,0.6893250000000006,0.6893250000000006,0.6893250000000006,0.6893250000000006
0.4079999999999999,0.3959084083333332,0.6961333333333338,0.6961333333333338,0.6961333333333338,0.6961333333333338
0.4069999999999999,0.3959101062499999,0.7029250000000006,0.7029250000000006,0.7029250000000006,0.7029250000000006
0.4059999999999999,0.39591179999999987,0.7097000000000007,0.7097000000000007,0.7097000000000007,0.7097000000000007
0.4049999999999999,0.3959134895833332,0.7164583333333341,0.7164583333333341,0.7164583333333341,0.7164583333333341
0.4039999999999999,0.3959151749999999,0.7232000000000005,0.7232000000000005,0.7232000000000005,0.7232000000000005
0.4029999999999999,0.39591685624999984,0.7299250000000005,0.7299250000000005,0.7299250000000005,0.7299250000000005
0.4019999999999999,0.3959185333333332,0.7366333333333339,0.7366333333333339,0.7366333333333339,0.7366333333333339
0.4009999999999999,0.39592020624999985,0.7433250000000008,0.7433250000000008,0.7433250000000008,0.7433250000000008
0.3999999999999999,0.39592187499999987,0.7499999999999998,0.7500000000000007,0.7500000000000007,0.7500000000000007
0.3989999999999999,0.3959235395833332,0.7500016645833331,0.756658333333334,0.756658333333334,0.756658333333334
0.3979999999999999,0.39592519999999987,0.7500033249999998,0.7633000000000006,0.7633000000000006,0.7633000000000006
0.3969999999999999,0.3959268562499999,0.7500049812499997,0.7699250000000007,0.7699250000000007,0.7699250000000007
0.3959999999999999,0.3959285083333332,0.7500066333333331,0.776533333333334,0.776533333333334,0.776533333333334
0.3949999999999999,0.39593015624999983,0.7500082812499999,0.7831250000000007,0.7831250000000007,0.7831250000000007
0.3939999999999999,0.3959317999999999,0.7500099249999999,0.7897000000000006,0.7897000000000006,0.7897000000000006
0.3929999999999999,0.39593343958333316,0.7500115645833332,0.7962583333333341,0.7962583333333341,0.7962583333333341
0.3919999999999999,0.39593507499999986,0.7500131999999997,0.8028000000000008,0.8028000000000008,0.8028000000000008
0.3909999999999999,0.3959367062499999,0.7500148312499997,0.8093250000000006,0.8093250000000006,0.8093250000000006
0.3899999999999999,0.3959383333333332,0.7500164583333331,0.815833333333334,0.815833333333334,0.815833333333334
0.3889999999999999,0.39593995624999984,0.7500180812499997,0.8223250000000006,0.8223250000000006,0.8223250000000006
0.3879999999999999,0.3959415749999999,0.7500196999999997,0.8288000000000006,0.8288000000000006,0.8288000000000006
0.3869999999999999,0.3959431895833332,0.750021314583333,0.835258333333334,0.835258333333334,0.835258333333334
0.3859999999999999,0.3959447999999999,0.7500229249999998,0.8417000000000006,0.8417000000000006,0.8417000000000006
0.3849999999999999,0.3959464062499999,0.7500245312499998,0.8481250000000008,0.8481250000000008,0.8481250000000008
0.3839999999999999,0.3959480083333332,0.7500261333333331,0.854533333333334,0.854533333333334,0.854533333333334
0.3829999999999999,0.39594960624999986,0.7500277312499998,0.8609250000000006,0.8609250000000006,0.8609250000000006
0.3819999999999999,0.3959511999999999,0.7500293249999997,0.8673000000000007,0.8673000000000007,0.8673000000000007
0.3809999999999999,0.39595278958333324,0.750030914583333,0.873658333333334,0.873658333333334,0.873658333333334
0.3799999999999999,0.39595437499999986,0.7500324999999998,0.8800000000000008,0.8800000000000008,0.8800000000000008
0.3789999999999999,0.3959559562499999,0.7500340812499998,0.8863250000000008,0.8863250000000008,0.8863250000000008
0.3779999999999999,0.3959575333333332,0.7500356583333331,0.892633333333334,0.892633333333334,0.892633333333334
0.3769999999999999,0.39595910624999986,0.7500372312499998,0.8989250000000008,0.8989250000000008,0.8989250000000008
0.3759999999999999,0.3959606749999999,0.7500387999999998,0.9052000000000008,0.9052000000000008,0.9052000000000008
0.3749999999999999,0.3959622395833332,0.7500403645833331,0.9114583333333341,0.9114583333333341,0.9114583333333341
0.3739999999999999,0.39596379999999987,0.7500419249999998,0.9177000000000007,0.9177000000000007,0.9177000000000007
0.3729999999999999,0.39596535624999984,0.7500434812499998,0.9239250000000008,0.9239250000000008,0.9239250000000008
0.3719999999999999,0.39596690833333326,0.750045033333333,0.930133333333334,0.930133333333334,0.930133333333334
0.3709999999999999,0.3959684562499999,0.7500465812499998,0.9363250000000009,0.9363250000000009,0.9363250000000009
0.3699999999999999,0.3959699999999999,0.7500481249999997,0.9425000000000008,0.9425000000000008,0.9425000000000008
0.3689999999999999,0.3959715395833332,0.7500496645833331,0.948658333333334,0.948658333333334,0.948658333333334
0.3679999999999999,0.39597307499999984,0.7500511999999998,0.9548000000000009,0.9548000000000009,0.9548000000000009
0.3669999999999999,0.3959746062499999,0.7500527312499997,0.9609250000000007,0.9609250000000007,0.9609250000000007
0.3659999999999999,0.3959761333333332,0.7500542583333332,0.9670333333333342,0.9670333333333342,0.9670333333333342
0.3649999999999999,0.39597765624999987,0.7500557812499997,0.9731250000000009,0.9731250000000009,0.9731250000000009
0.3639999999999999,0.3959791749999999,0.7500572999999998,0.9792000000000007,0.9792000000000007,0.9792000000000007
0.3629999999999999,0.3959806895833332,0.7500588145833331,0.9852583333333341,0.9852583333333341,0.9852583333333341
0.3619999999999999,0.3959821999999999,0.7500603249999998,0.9913000000000008,0.9913000000000008,0.9913000000000008
0.3609999999999999,0.3959837062499999,0.7500618312499997,0.9973250000000008,0.9973250000000008,0.9973250000000008
0.3599999999999999,0.3959852083333332,0.7500633333333331,1.003333333333334,1.003333333333334,1.003333333333334
0.3589999999999999,0.3959867062499999,0.7500648312499998,1.0093250000000007,1.0093250000000007,1.0093250000000007
0.3579999999999999,0.39598819999999985,0.7500663249999997,1.0153000000000008,1.0153000000000008,1.0153000000000008
0.3569999999999999,0.3959896895833332,0.7500678145833332,1.0212583333333343,1.0212583333333343,1.0212583333333343
0.35599999999999987,0.39599117499999986,0.7500692999999997,1.0272000000000008,1.0272000000000008,1.0272000000000008
0.35499999999999987,0.39599265624999985,0.7500707812499997,1.0331250000000007,1.0331250000000007,1.0331250000000007
0.35399999999999987,0.39599413333333316,0.7500722583333331,1.0390333333333341,1.0390333333333341,1.0390333333333341
0.35299999999999987,0.39599560624999985,0.7500737312499998,1.0449250000000008,1.0449250000000008,1.0449250000000008
0.35199999999999987,0.39599707499999987,0.7500751999999997,1.0508000000000008,1.0508000000000008,1.0508000000000008
0.35099999999999987,0.3959985395833332,0.750076664583333,1.0566583333333344,1.0566583333333344,1.0566583333333344
0.34999999999999987,0.3959999999999999,0.7500781249999998,1.0625,1.062500000000001,1.062500000000001
0.34899999999999987,0.3960014562499999,0.7500795812499998,1.06250145625,1.0683250000000009,1.0683250000000009
0.34799999999999986,0.39600290833333324,0.7500810333333331,1.0625029083333333,1.0741333333333343,1.0741333333333343
0.34699999999999986,0.39600435624999986,0.7500824812499997,1.06250435625,1.079925000000001,1.079925000000001
0.34599999999999986,0.3960057999999999,0.7500839249999998,1.0625058,1.0857000000000008,1.0857000000000008
0.34499999999999986,0.39600723958333317,0.7500853645833331,1.0625072395833333,1.091458333333334,1.091458333333334
0.34399999999999986,0.39600867499999987,0.7500867999999998,1.062508675,1.097200000000001,1.097200000000001
0.34299999999999986,0.3960101062499998,0.7500882312499998,1.06251010625,1.102925000000001,1.102925000000001
0.34199999999999986,0.39601153333333317,0.7500896583333331,1.0625115333333333,1.1086333333333342,1.1086333333333342
0.34099999999999986,0.3960129562499999,0.7500910812499998,1.06251295625,1.114325000000001,1.114325000000001
0.33999999999999986,0.3960143749999999,0.7500924999999997,1.062514375,1.120000000000001,1.120000000000001
0.33899999999999986,0.3960157895833332,0.7500939145833331,1.0625157895833333,1.1256583333333343,1.1256583333333343
0.33799999999999986,0.3960171999999999,0.7500953249999998,1.0625172,1.1313000000000009,1.1313000000000009
0.33699999999999986,0.3960186062499999,0.7500967312499998,1.06251860625,1.1369250000000009,1.1369250000000009
0.33599999999999985,0.39602000833333323,0.7500981333333331,1.0625200083333333,1.1425333333333343,1.1425333333333343
0.33499999999999985,0.3960214062499999,0.7500995312499997,1.06252140625,1.148125000000001,1.148125000000001
0.33399999999999985,0.3960227999999999,0.7501009249999998,1.0625228,1.1537000000000008,1.1537000000000008
0.33299999999999985,0.3960241895833332,0.7501023145833331,1.0625241895833333,1.1592583333333342,1.1592583333333342
0.33199999999999985,0.39602557499999985,0.7501036999999998,1.062525575,1.164800000000001,1.164800000000001
0.33099999999999985,0.3960269562499999,0.7501050812499997,1.06252695625,1.170325000000001,1.170325000000001
0.32999999999999985,0.3960283333333332,0.7501064583333331,1.0625283333333333,1.1758333333333344,1.1758333333333344
0.32899999999999985,0.3960297062499999,0.7501078312499998,1.0625297062499999,1.1813250000000008,1.1813250000000008
0.32799999999999985,0.3960310749999999,0.7501091999999997,1.062531075,1.186800000000001,1.186800000000001
0.32699999999999985,0.39603243958333323,0.750110564583333,1.0625324395833333,1.1922583333333343,1.1922583333333343
0.32599999999999985,0.3960337999999999,0.7501119249999997,1.0625338,1.1977000000000009,1.1977000000000009
0.32499999999999984,0.3960351562499999,0.7501132812499998,1.06253515625,1.2031250000000009,1.2031250000000009
0.32399999999999984,0.3960365083333332,0.7501146333333331,1.0625365083333334,1.2085333333333341,1.2085333333333341
0.32299999999999984,0.3960378562499999,0.7501159812499998,1.06253785625,1.213925000000001,1.213925000000001
0.32199999999999984,0.39603919999999987,0.7501173249999997,1.0625392,1.219300000000001,1.219300000000001
0.32099999999999984,0.3960405395833332,0.7501186645833331,1.0625405395833334,1.2246583333333343,1.2246583333333343
0.31999999999999984,0.3960418749999999,0.7501199999999997,1.062541875,1.230000000000001,1.230000000000001
0.31899999999999984,0.3960432062499999,0.7501213312499998,1.06254320625,1.2353250000000011,1.2353250000000011
0.31799999999999984,0.39604453333333317,0.7501226583333331,1.0625445333333332,1.2406333333333344,1.2406333333333344
0.31699999999999984,0.3960458562499999,0.7501239812499997,1.06254585625,1.245925000000001,1.245925000000001
0.31599999999999984,0.39604717499999986,0.7501252999999997,1.062547175,1.251200000000001,1.251200000000001
0.31499999999999984,0.3960484895833332,0.7501266145833331,1.0625484895833333,1.2564583333333343,1.2564583333333343
0.31399999999999983,0.3960497999999999,0.7501279249999997,1.0625498,1.261700000000001,1.261700000000001
0.31299999999999983,0.3960511062499999,0.7501292312499998,1.06255110625,1.266925000000001,1.266925000000001
0.31199999999999983,0.3960524083333332,0.7501305333333331,1.0625524083333333,1.2721333333333344,1.2721333333333344
0.31099999999999983,0.3960537062499999,0.7501318312499998,1.06255370625,1.277325000000001,1.277325000000001
0.30999999999999983,0.3960549999999999,0.7501331249999997,1.0625550000000001,1.2825000000000009,1.2825000000000009
0.30899999999999983,0.3960562895833332,0.7501344145833331,1.0625562895833334,1.2876583333333342,1.2876583333333342
0.30799999999999983,0.3960575749999999,0.7501356999999997,1.062557575,1.292800000000001,1.292800000000001
0.30699999999999983,0.39605885624999987,0.7501369812499997,1.06255885625,1.297925000000001,1.297925000000001
0.3059999999999998,0.39606013333333323,0.7501382583333331,1.0625601333333332,1.3030333333333344,1.3030333333333344
0.3049999999999998,0.39606140624999986,0.7501395312499998,1.06256140625,1.3081250000000009,1.3081250000000009
0.3039999999999998,0.39606267499999986,0.7501407999999998,1.062562675,1.313200000000001,1.313200000000001
0.3029999999999998,0.3960639395833332,0.7501420645833331,1.0625639395833333,1.3182583333333344,1.3182583333333344
0.3019999999999998,0.3960651999999999,0.7501433249999998,1.0625651999999999,1.323300000000001,1.323300000000001
0.3009999999999998,0.39606645624999987,0.7501445812499997,1.06256645625,1.328325000000001,1.328325000000001
0.2999999999999998,0.3960677083333332,0.7501458333333331,1.0625677083333334,1.3333333333333333,1.3333333333333341
0.2989999999999998,0.3960689562499999,0.7501470812499997,1.06256895625,1.33333458125,1.3383250000000009
0.2979999999999998,0.3960701999999999,0.7501483249999997,1.0625702000000001,1.333335825,1.343300000000001
0.2969999999999998,0.39607143958333324,0.7501495645833332,1.0625714395833332,1.3333370645833333,1.3482583333333342
0.2959999999999998,0.3960726749999999,0.7501507999999998,1.062572675,1.3333383,1.353200000000001
0.2949999999999998,0.3960739062499999,0.7501520312499997,1.06257390625,1.33333953125,1.358125000000001
0.2939999999999998,0.3960751333333332,0.750153258333333,1.0625751333333333,1.3333407583333332,1.3630333333333342
0.2929999999999998,0.3960763562499999,0.7501544812499997,1.06257635625,1.33334198125,1.367925000000001
0.2919999999999998,0.39607757499999985,0.7501556999999996,1.062577575,1.3333431999999998,1.372800000000001
0.2909999999999998,0.3960787895833332,0.750156914583333,1.0625787895833334,1.3333444145833333,1.3776583333333343
0.2899999999999998,0.3960799999999999,0.7501581249999998,1.06258,1.333345625,1.382500000000001
0.2889999999999998,0.3960812062499999,0.7501593312499998,1.06258120625,1.33334683125,1.387325000000001
0.2879999999999998,0.3960824083333332,0.7501605333333331,1.0625824083333333,1.3333480333333334,1.392133333333334
0.2869999999999998,0.39608360624999983,0.7501617312499997,1.06258360625,1.33334923125,1.396925000000001
0.2859999999999998,0.39608479999999985,0.7501629249999998,1.0625848,1.333350425,1.401700000000001
0.2849999999999998,0.3960859895833332,0.7501641145833331,1.0625859895833334,1.3333516145833333,1.4064583333333345
0.2839999999999998,0.3960871749999999,0.7501652999999997,1.062587175,1.3333528000000001,1.411200000000001
0.2829999999999998,0.3960883562499999,0.7501664812499997,1.06258835625,1.33335398125,1.4159250000000008
0.2819999999999998,0.3960895333333332,0.750167658333333,1.0625895333333333,1.3333551583333334,1.4206333333333345
0.2809999999999998,0.39609070624999987,0.7501688312499997,1.06259070625,1.3333563312499999,1.425325000000001
0.2799999999999998,0.39609187499999987,0.7501699999999997,1.062591875,1.3333575,1.430000000000001
0.2789999999999998,0.39609303958333325,0.7501711645833331,1.0625930395833334,1.3333586645833333,1.4346583333333345
0.2779999999999998,0.39609419999999984,0.7501723249999998,1.0625942,1.3333598249999998,1.439300000000001
0.2769999999999998,0.39609535624999986,0.7501734812499998,1.06259535625,1.33336098125,1.443925000000001
0.2759999999999998,0.3960965083333332,0.7501746333333331,1.0625965083333333,1.3333621333333334,1.4485333333333341
0.2749999999999998,0.39609765624999993,0.7501757812499998,1.06259765625,1.33336328125,1.453125000000001
0.2739999999999998,0.39609879999999986,0.7501769249999998,1.0625988,1.3333644249999999,1.457700000000001
0.2729999999999998,0.3960999395833332,0.750178064583333,1.0625999395833334,1.3333655645833333,1.4622583333333343
0.2719999999999998,0.39610107499999986,0.7501791999999997,1.062601075,1.3333667,1.466800000000001
0.2709999999999998,0.3961022062499999,0.7501803312499998,1.06260220625,1.3333678312500001,1.4713250000000009
0.2699999999999998,0.39610333333333325,0.7501814583333332,1.0626033333333333,1.3333689583333335,1.4758333333333342
0.2689999999999998,0.3961044562499999,0.7501825812499998,1.0626044562499999,1.33337008125,1.480325000000001
0.2679999999999998,0.3961055749999999,0.7501836999999997,1.062605575,1.3333712,1.484800000000001
0.2669999999999998,0.3961066895833332,0.7501848145833331,1.0626066895833333,1.3333723145833334,1.4892583333333345
0.2659999999999998,0.3961077999999999,0.7501859249999998,1.0626077999999999,1.333373425,1.4937000000000011
0.2649999999999998,0.39610890624999984,0.7501870312499997,1.06260890625,1.33337453125,1.4981250000000013
0.2639999999999998,0.3961100083333332,0.7501881333333331,1.0626100083333332,1.3333756333333333,1.5025333333333346
0.2629999999999998,0.3961111062499999,0.7501892312499997,1.06261110625,1.33337673125,1.5069250000000012
0.2619999999999998,0.3961121999999999,0.7501903249999998,1.0626122,1.333377825,1.5113000000000012
0.2609999999999998,0.3961132895833332,0.750191414583333,1.0626132895833333,1.3333789145833332,1.5156583333333344
0.2599999999999998,0.39611437499999985,0.7501924999999997,1.0626143749999999,1.3333799999999998,1.5200000000000011
0.2589999999999998,0.3961154562499999,0.7501935812499998,1.0626154562499999,1.33338108125,1.524325000000001
0.2579999999999998,0.3961165333333332,0.7501946583333331,1.0626165333333333,1.3333821583333332,1.5286333333333342
0.2569999999999998,0.39611760624999987,0.7501957312499997,1.06261760625,1.33338323125,1.532925000000001
0.2559999999999998,0.39611867499999986,0.7501967999999998,1.062618675,1.3333842999999999,1.5372000000000012
0.2549999999999998,0.3961197395833332,0.750197864583333,1.0626197395833334,1.3333853645833333,1.5414583333333343
0.2539999999999998,0.39612079999999983,0.7501989249999997,1.0626208,1.333386425,1.545700000000001
0.2529999999999998,0.39612185624999985,0.7501999812499998,1.06262185625,1.33338748125,1.549925000000001
0.2519999999999998,0.3961229083333332,0.7502010333333331,1.0626229083333332,1.3333885333333333,1.5541333333333343
0.2509999999999998,0.39612395624999985,0.7502020812499998,1.06262395625,1.33338958125,1.558325000000001
0.24999999999999978,0.39612499999999984,0.7502031249999999,1.062625,1.333390625,1.5625
0.24899999999999978,0.3961260395833332,0.7502041645833332,1.0626260395833333,1.3333916645833335,1.5625010395833332
0.24799999999999978,0.3961270749999999,0.7502051999999998,1.062627075,1.3333927,1.562502075
0.24699999999999978,0.3961281062499999,0.7502062312499997,1.06262810625,1.33339373125,1.5625031062499999
0.24599999999999977,0.3961291333333332,0.7502072583333331,1.0626291333333333,1.3333947583333334,1.5625041333333334
0.24499999999999977,0.39613015624999987,0.7502082812499997,1.06263015625,1.3333957812500001,1.56250515625
0.24399999999999977,0.3961311749999999,0.7502092999999997,1.062631175,1.3333968,1.562506175
0.24299999999999977,0.3961321895833332,0.7502103145833331,1.0626321895833333,1.3333978145833332,1.5625071895833333
0.24199999999999977,0.39613319999999985,0.7502113249999998,1.0626332,1.333398825,1.5625082
0.24099999999999977,0.3961342062499999,0.7502123312499998,1.06263420625,1.33339983125,1.56250920625
0.23999999999999977,0.3961352083333332,0.7502133333333331,1.0626352083333335,1.3334008333333334,1.5625102083333333
0.23899999999999977,0.39613620624999984,0.7502143312499997,1.06263620625,1.33340183125,1.56251120625
0.23799999999999977,0.3961371999999999,0.7502153249999998,1.0626372,1.333402825,1.5625122
0.23699999999999977,0.39613818958333324,0.7502163145833332,1.0626381895833332,1.3334038145833333,1.5625131895833335
0.23599999999999977,0.3961391749999999,0.7502172999999998,1.062639175,1.3334048,1.562514175
0.23499999999999976,0.3961401562499999,0.7502182812499998,1.06264015625,1.33340578125,1.5625151562500001
0.23399999999999976,0.3961411333333332,0.7502192583333331,1.0626411333333334,1.3334067583333333,1.5625161333333333
0.23299999999999976,0.3961421062499999,0.7502202312499997,1.06264210625,1.33340773125,1.5625171062499998
0.23199999999999976,0.39614307499999984,0.7502211999999998,1.062643075,1.3334087,1.562518075
0.23099999999999976,0.3961440395833332,0.750222164583333,1.0626440395833334,1.3334096645833333,1.5625190395833333
0.22999999999999976,0.39614499999999986,0.7502231249999998,1.0626449999999998,1.333410625,1.56252
0.22899999999999976,0.3961459562499999,0.7502240812499997,1.06264595625,1.33341158125,1.56252095625
0.22799999999999976,0.3961469083333332,0.7502250333333331,1.0626469083333334,1.3334125333333333,1.5625219083333335
0.22699999999999976,0.3961478562499999,0.7502259812499997,1.06264785625,1.3334134812499998,1.56252285625
0.22599999999999976,0.39614879999999986,0.7502269249999998,1.0626487999999998,1.333414425,1.5625238000000001
0.22499999999999976,0.3961497395833332,0.7502278645833331,1.0626497395833332,1.3334153645833333,1.5625247395833335
0.22399999999999975,0.39615067499999984,0.7502287999999998,1.062650675,1.3334162999999999,1.562525675
0.22299999999999975,0.3961516062499999,0.7502297312499998,1.06265160625,1.33341723125,1.56252660625
0.22199999999999975,0.39615253333333317,0.7502306583333331,1.0626525333333334,1.3334181583333333,1.5625275333333335
0.22099999999999975,0.39615345624999987,0.7502315812499998,1.06265345625,1.33341908125,1.56252845625
0.21999999999999975,0.3961543749999999,0.7502324999999997,1.062654375,1.33342,1.562529375
0.21899999999999975,0.39615528958333324,0.750233414583333,1.0626552895833334,1.3334209145833333,1.5625302895833333
0.21799999999999975,0.3961561999999999,0.7502343249999998,1.0626562,1.3334218249999998,1.5625312
0.21699999999999975,0.39615710624999984,0.7502352312499998,1.0626571062499999,1.33342273125,1.56253210625
0.21599999999999975,0.3961580083333332,0.750236133333333,1.0626580083333335,1.3334236333333334,1.5625330083333333
0.21499999999999975,0.3961589062499999,0.7502370312499997,1.06265890625,1.33342453125,1.5625339062499999
0.21399999999999975,0.39615979999999984,0.7502379249999998,1.0626598,1.3334254250000002,1.5625348
0.21299999999999975,0.39616068958333317,0.7502388145833331,1.0626606895833333,1.3334263145833334,1.562535689583333
0.21199999999999974,0.3961615749999999,0.7502396999999997,1.062661575,1.3334272,1.562536575
0.21099999999999974,0.3961624562499999,0.7502405812499997,1.06266245625,1.33342808125,1.5625374562499998
0.20999999999999974,0.3961633333333332,0.7502414583333331,1.0626633333333333,1.3334289583333332,1.5625383333333334
0.20899999999999974,0.3961642062499999,0.7502423312499997,1.06266420625,1.3334298312500001,1.56253920625
0.20799999999999974,0.39616507499999987,0.7502431999999998,1.062665075,1.3334307,1.562540075
0.20699999999999974,0.3961659395833332,0.750244064583333,1.0626659395833333,1.3334315645833332,1.5625409395833332
0.20599999999999974,0.3961667999999999,0.7502449249999998,1.0626668,1.3334324249999998,1.5625418
0.20499999999999974,0.39616765624999983,0.7502457812499997,1.06266765625,1.3334332812499998,1.56254265625
0.20399999999999974,0.3961685083333332,0.7502466333333331,1.0626685083333334,1.3334341333333335,1.5625435083333334
0.20299999999999974,0.3961693562499999,0.7502474812499997,1.06266935625,1.3334349812500002,1.56254435625
0.20199999999999974,0.3961701999999999,0.7502483249999997,1.0626702000000001,1.333435825,1.5625452
0.20099999999999973,0.3961710395833332,0.7502491645833331,1.0626710395833334,1.333436664583333,1.5625460395833333
0.19999999999999973,0.39617187499999984,0.7502499999999998,1.062671875,1.3334374999999998,1.562546875
0.19899999999999973,0.3961727062499999,0.7502508312499998,1.0626727062499999,1.33343833125,1.5625477062500002
0.19799999999999973,0.3961735333333332,0.7502516583333331,1.0626735333333333,1.3334391583333334,1.5625485333333333
0.19699999999999973,0.39617435624999986,0.7502524812499998,1.06267435625,1.33343998125,1.56254935625
0.19599999999999973,0.3961751749999999,0.7502532999999997,1.062675175,1.3334408,1.562550175
0.19499999999999973,0.3961759895833332,0.7502541145833331,1.0626759895833333,1.3334416145833332,1.5625509895833334
0.19399999999999973,0.3961767999999999,0.7502549249999998,1.0626768,1.333442425,1.5625518
0.19299999999999973,0.3961776062499999,0.7502557312499998,1.06267760625,1.33344323125,1.5625526062500001
0.19199999999999973,0.39617840833333323,0.7502565333333331,1.0626784083333334,1.3334440333333333,1.5625534083333332
0.19099999999999973,0.3961792062499999,0.7502573312499997,1.0626792062500001,1.33344483125,1.56255420625
0.18999999999999972,0.3961799999999999,0.7502581249999998,1.06268,1.333445625,1.562555
0.18899999999999972,0.3961807895833332,0.750258914583333,1.0626807895833332,1.3334464145833331,1.5625557895833333
0.18799999999999972,0.3961815749999999,0.7502596999999998,1.062681575,1.3334472,1.562556575
0.18699999999999972,0.39618235624999987,0.7502604812499997,1.06268235625,1.33344798125,1.56255735625
0.18599999999999972,0.3961831333333332,0.7502612583333331,1.0626831333333333,1.3334487583333332,1.5625581333333334
0.18499999999999972,0.3961839062499999,0.7502620312499997,1.06268390625,1.33344953125,1.56255890625
0.18399999999999972,0.3961846749999999,0.7502627999999998,1.0626846749999999,1.3334503,1.562559675
0.18299999999999972,0.39618543958333324,0.7502635645833331,1.0626854395833334,1.3334510645833333,1.5625604395833332
0.18199999999999972,0.3961861999999999,0.7502643249999997,1.0626862,1.333451825,1.5625612
0.18099999999999972,0.3961869562499999,0.7502650812499997,1.06268695625,1.33345258125,1.56256195625
0.17999999999999972,0.39618770833333317,0.7502658333333331,1.0626877083333333,1.3334533333333334,1.562562708333333
0.17899999999999971,0.3961884562499999,0.7502665812499997,1.06268845625,1.33345408125,1.56256345625
0.17799999999999971,0.3961891999999999,0.7502673249999997,1.0626892000000001,1.333454825,1.5625642
0.1769999999999997,0.3961899395833332,0.7502680645833331,1.0626899395833334,1.3334555645833333,1.5625649395833332
0.1759999999999997,0.3961906749999999,0.7502687999999997,1.062690675,1.3334563,1.5625656749999999
0.1749999999999997,0.3961914062499999,0.7502695312499997,1.06269140625,1.33345703125,1.56256640625
0.1739999999999997,0.3961921333333332,0.7502702583333332,1.0626921333333332,1.3334577583333331,1.5625671333333333
0.1729999999999997,0.3961928562499999,0.7502709812499997,1.06269285625,1.3334584812499999,1.5625678562499998
0.1719999999999997,0.39619357499999985,0.7502716999999998,1.062693575,1.3334592,1.562568575
0.1709999999999997,0.3961942895833332,0.7502724145833332,1.0626942895833333,1.3334599145833332,1.5625692895833334
0.1699999999999997,0.39619499999999985,0.7502731249999998,1.062695,1.333460625,1.56257
0.1689999999999997,0.39619570624999983,0.7502738312499998,1.06269570625,1.3334613312499999,1.56257070625
0.1679999999999997,0.3961964083333332,0.750274533333333,1.0626964083333332,1.3334620333333334,1.5625714083333333
0.1669999999999997,0.3961971062499999,0.7502752312499997,1.06269710625,1.3334627312499998,1.56257210625
0.1659999999999997,0.3961977999999999,0.7502759249999998,1.0626978,1.3334634250000001,1.5625727999999999
0.1649999999999997,0.3961984895833332,0.7502766145833331,1.0626984895833333,1.3334641145833332,1.5625734895833332
0.1639999999999997,0.39619917499999985,0.7502772999999998,1.0626991749999999,1.3334647999999998,1.562574175
0.1629999999999997,0.39619985624999987,0.7502779812499997,1.06269985625,1.33346548125,1.56257485625
0.1619999999999997,0.3962005333333332,0.7502786583333331,1.0627005333333333,1.3334661583333334,1.5625755333333333
0.1609999999999997,0.3962012062499999,0.7502793312499997,1.06270120625,1.33346683125,1.56257620625
0.1599999999999997,0.39620187499999987,0.7502799999999998,1.062701875,1.3334675,1.562576875
0.1589999999999997,0.39620253958333324,0.7502806645833331,1.0627025395833334,1.3334681645833333,1.5625775395833335
0.1579999999999997,0.39620319999999987,0.7502813249999998,1.0627032,1.333468825,1.5625782000000001
0.1569999999999997,0.3962038562499999,0.7502819812499998,1.06270385625,1.3334694812499999,1.56257885625
0.1559999999999997,0.3962045083333332,0.7502826333333331,1.0627045083333333,1.3334701333333332,1.5625795083333334
0.1549999999999997,0.39620515624999986,0.7502832812499997,1.06270515625,1.33347078125,1.56258015625
0.1539999999999997,0.3962057999999999,0.7502839249999997,1.0627058,1.333471425,1.5625807999999999
0.1529999999999997,0.39620643958333324,0.7502845645833331,1.0627064395833332,1.3334720645833333,1.5625814395833333
0.1519999999999997,0.39620707499999985,0.7502851999999998,1.062707075,1.3334727000000002,1.562582075
0.1509999999999997,0.3962077062499999,0.7502858312499998,1.0627077062499999,1.33347333125,1.5625827062500002
0.1499999999999997,0.3962083333333332,0.7502864583333331,1.0627083333333334,1.3334739583333333,1.5625833333333332
0.1489999999999997,0.39620895624999986,0.7502870812499997,1.06270895625,1.33347458125,1.56258395625
0.1479999999999997,0.39620957499999987,0.7502876999999998,1.062709575,1.3334751999999999,1.562584575
0.1469999999999997,0.3962101895833332,0.7502883145833331,1.0627101895833333,1.3334758145833334,1.5625851895833334
0.14599999999999969,0.39621079999999986,0.7502889249999998,1.0627108,1.333476425,1.5625858000000001
0.14499999999999968,0.3962114062499999,0.7502895312499998,1.06271140625,1.33347703125,1.56258640625
0.14399999999999968,0.3962120083333332,0.7502901333333332,1.0627120083333332,1.3334776333333334,1.5625870083333333
0.14299999999999968,0.3962126062499999,0.7502907312499997,1.06271260625,1.33347823125,1.56258760625
0.14199999999999968,0.3962131999999999,0.7502913249999997,1.0627132,1.333478825,1.5625882
0.14099999999999968,0.3962137895833332,0.7502919145833331,1.0627137895833334,1.3334794145833333,1.5625887895833332
0.13999999999999968,0.39621437499999984,0.7502924999999998,1.0627143749999999,1.3334799999999998,1.562589375
0.13899999999999968,0.39621495624999986,0.7502930812499997,1.06271495625,1.3334805812500001,1.56258995625
0.13799999999999968,0.3962155333333332,0.7502936583333332,1.0627155333333334,1.3334811583333335,1.5625905333333332
0.13699999999999968,0.39621610624999987,0.7502942312499997,1.06271610625,1.33348173125,1.56259110625
0.13599999999999968,0.39621667499999985,0.7502947999999997,1.0627166749999999,1.3334823,1.562591675
0.13499999999999968,0.3962172395833332,0.7502953645833331,1.0627172395833333,1.3334828645833334,1.5625922395833332
0.13399999999999967,0.39621779999999984,0.7502959249999998,1.0627178,1.333483425,1.5625928
0.13299999999999967,0.39621835624999985,0.7502964812499998,1.06271835625,1.3334839812500001,1.5625933562499998
0.13199999999999967,0.39621890833333323,0.7502970333333331,1.0627189083333333,1.3334845333333334,1.5625939083333333
0.13099999999999967,0.3962194562499999,0.7502975812499997,1.06271945625,1.33348508125,1.56259445625
0.12999999999999967,0.39621999999999985,0.7502981249999998,1.0627199999999999,1.3334856249999998,1.562595
0.12899999999999967,0.3962205395833332,0.750298664583333,1.0627205395833332,1.3334861645833334,1.5625955395833333
0.12799999999999967,0.39622107499999987,0.7502991999999997,1.062721075,1.3334867,1.5625960749999999
0.12699999999999967,0.3962216062499999,0.7502997312499997,1.06272160625,1.3334872312500001,1.56259660625
0.12599999999999967,0.3962221333333332,0.750300258333333,1.0627221333333334,1.3334877583333333,1.5625971333333333
0.12499999999999967,0.39622265624999986,0.7503007812499998,1.06272265625,1.33348828125,1.56259765625
0.12399999999999967,0.3962231749999999,0.7503012999999998,1.062723175,1.3334888,1.5625981750000002
0.12299999999999967,0.39622368958333326,0.7503018145833331,1.0627236895833334,1.3334893145833333,1.5625986895833333
0.12199999999999966,0.39622419999999986,0.7503023249999997,1.0627242,1.333489825,1.5625992
0.12099999999999966,0.3962247062499999,0.7503028312499997,1.06272470625,1.3334903312500002,1.56259970625
0.11999999999999966,0.3962252083333332,0.7503033333333331,1.0627252083333332,1.3334908333333333,1.5626002083333332
0.11899999999999966,0.3962257062499999,0.7503038312499998,1.06272570625,1.3334913312499999,1.56260070625
0.11799999999999966,0.3962261999999999,0.7503043249999998,1.0627262,1.3334918249999999,1.5626012
0.11699999999999966,0.3962266895833332,0.7503048145833331,1.0627266895833334,1.3334923145833333,1.5626016895833332
0.11599999999999966,0.3962271749999999,0.7503052999999997,1.062727175,1.3334928,1.5626021749999999
0.11499999999999966,0.3962276562499999,0.7503057812499997,1.06272765625,1.33349328125,1.56260265625
0.11399999999999966,0.39622813333333323,0.7503062583333331,1.0627281333333334,1.3334937583333333,1.5626031333333332
0.11299999999999966,0.3962286062499999,0.7503067312499997,1.06272860625,1.33349423125,1.56260360625
0.11199999999999966,0.3962290749999999,0.7503071999999997,1.062729075,1.3334947,1.5626040749999999
0.11099999999999965,0.39622953958333323,0.7503076645833331,1.0627295395833334,1.3334951645833333,1.5626045395833332
0.10999999999999965,0.3962299999999999,0.7503081249999998,1.06273,1.333495625,1.562605
0.10899999999999965,0.39623045624999986,0.7503085812499998,1.06273045625,1.33349608125,1.56260545625
0.10799999999999965,0.3962309083333332,0.750309033333333,1.0627309083333334,1.3334965333333333,1.5626059083333332
0.10699999999999965,0.39623135624999983,0.7503094812499997,1.06273135625,1.33349698125,1.56260635625
0.10599999999999965,0.39623179999999986,0.7503099249999998,1.0627318,1.333497425,1.5626068
0.10499999999999965,0.3962322395833332,0.7503103645833331,1.0627322395833332,1.3334978645833333,1.5626072395833333
0.10399999999999965,0.3962326749999999,0.7503107999999997,1.0627326750000001,1.3334983,1.562607675
0.10299999999999965,0.39623310624999986,0.7503112312499998,1.06273310625,1.33349873125,1.56260810625
0.10199999999999965,0.3962335333333332,0.750311658333333,1.0627335333333334,1.3334991583333333,1.5626085333333333
0.10099999999999965,0.39623395624999985,0.7503120812499997,1.06273395625,1.33349958125,1.5626089562499998
0.09999999999999964,0.39623437499999986,0.7503124999999997,1.062734375,1.3335000000000001,1.562609375
0.09899999999999964,0.39623478958333325,0.750312914583333,1.0627347895833335,1.3335004145833333,1.5626097895833333
0.09799999999999964,0.39623519999999984,0.7503133249999998,1.0627351999999999,1.3335008249999998,1.5626102
0.09699999999999964,0.39623560624999987,0.7503137312499998,1.06273560625,1.33350123125,1.56261060625
0.09599999999999964,0.3962360083333332,0.7503141333333331,1.0627360083333333,1.3335016333333334,1.5626110083333333
0.09499999999999964,0.3962364062499999,0.7503145312499998,1.06273640625,1.3335020312499999,1.56261140625
0.09399999999999964,0.3962367999999999,0.7503149249999997,1.0627368000000001,1.3335024249999998,1.5626118
0.09299999999999964,0.3962371895833332,0.750315314583333,1.0627371895833333,1.3335028145833334,1.5626121895833334
0.09199999999999964,0.3962375749999999,0.7503156999999998,1.0627375749999999,1.3335032,1.562612575
0.09099999999999964,0.3962379562499999,0.7503160812499998,1.06273795625,1.33350358125,1.56261295625
0.08999999999999964,0.3962383333333332,0.7503164583333332,1.0627383333333333,1.3335039583333335,1.5626133333333332
0.08899999999999963,0.3962387062499999,0.7503168312499998,1.06273870625,1.3335043312500001,1.56261370625
0.08799999999999963,0.3962390749999999,0.7503171999999998,1.062739075,1.3335047,1.562614075
0.08699999999999963,0.3962394395833332,0.7503175645833331,1.0627394395833334,1.3335050645833335,1.5626144395833332
0.08599999999999963,0.39623979999999986,0.7503179249999997,1.0627398,1.3335054249999998,1.5626148
0.08499999999999963,0.3962401562499999,0.7503182812499998,1.06274015625,1.33350578125,1.5626151562500001
0.08399999999999963,0.39624050833333324,0.750318633333333,1.0627405083333334,1.3335061333333333,1.5626155083333333
0.08299999999999963,0.3962408562499999,0.7503189812499999,1.06274085625,1.3335064812500002,1.5626158562499999
0.08199999999999963,0.39624119999999985,0.7503193249999998,1.0627412,1.333506825,1.5626162000000001
0.08099999999999963,0.39624153958333325,0.7503196645833331,1.0627415395833333,1.3335071645833334,1.5626165395833334
0.07999999999999963,0.39624187499999985,0.7503199999999998,1.062741875,1.3335075,1.562616875
0.07899999999999963,0.3962422062499999,0.7503203312499998,1.06274220625,1.33350783125,1.56261720625
0.07799999999999963,0.3962425333333332,0.7503206583333331,1.0627425333333334,1.3335081583333335,1.5626175333333334
0.07699999999999962,0.3962428562499999,0.7503209812499997,1.06274285625,1.33350848125,1.56261785625
0.07599999999999962,0.39624317499999984,0.7503212999999997,1.062743175,1.3335088,1.562618175
0.07499999999999962,0.3962434895833332,0.7503216145833331,1.0627434895833332,1.3335091145833333,1.5626184895833333
0.07399999999999962,0.39624379999999987,0.7503219249999997,1.0627438,1.333509425,1.5626187999999999
0.07299999999999962,0.3962441062499999,0.7503222312499997,1.06274410625,1.33350973125,1.5626191062500001
0.07199999999999962,0.3962444083333332,0.7503225333333331,1.0627444083333333,1.3335100333333334,1.5626194083333333
0.07099999999999962,0.3962447062499999,0.7503228312499998,1.06274470625,1.33351033125,1.56261970625
0.06999999999999962,0.39624499999999985,0.7503231249999998,1.062745,1.333510625,1.56262
0.06899999999999962,0.3962452895833332,0.7503234145833331,1.0627452895833334,1.3335109145833333,1.5626202895833332
0.06799999999999962,0.3962455749999999,0.7503236999999997,1.062745575,1.3335112,1.562620575
0.06699999999999962,0.3962458562499999,0.7503239812499998,1.06274585625,1.33351148125,1.56262085625
0.06599999999999961,0.39624613333333325,0.750324258333333,1.0627461333333332,1.3335117583333334,1.5626211333333333
0.06499999999999961,0.39624640624999985,0.7503245312499998,1.06274640625,1.33351203125,1.56262140625
0.06399999999999961,0.3962466749999999,0.7503247999999998,1.062746675,1.3335123,1.562621675
0.06299999999999961,0.39624693958333324,0.750325064583333,1.0627469395833333,1.3335125645833334,1.5626219395833334
0.06199999999999961,0.39624719999999986,0.7503253249999998,1.0627472,1.333512825,1.5626222
0.06099999999999961,0.3962474562499999,0.7503255812499997,1.06274745625,1.33351308125,1.56262245625
0.05999999999999961,0.3962477083333332,0.7503258333333331,1.0627477083333332,1.3335133333333333,1.5626227083333333
0.05899999999999961,0.39624795624999987,0.7503260812499998,1.06274795625,1.3335135812499999,1.56262295625
0.05799999999999961,0.3962481999999999,0.7503263249999997,1.0627482000000001,1.333513825,1.5626232
0.05699999999999961,0.3962484395833332,0.750326564583333,1.0627484395833333,1.3335140645833334,1.5626234395833334
0.055999999999999606,0.3962486749999999,0.7503267999999997,1.062748675,1.3335143,1.562623675
0.054999999999999605,0.39624890624999987,0.7503270312499998,1.06274890625,1.33351453125,1.56262390625
0.053999999999999604,0.39624913333333317,0.7503272583333331,1.0627491333333332,1.3335147583333333,1.5626241333333333
0.0529999999999996,0.3962493562499999,0.7503274812499998,1.0627493562499999,1.33351498125,1.5626243562500002
0.0519999999999996,0.39624957499999985,0.7503276999999997,1.062749575,1.3335152000000001,1.562624575
0.0509999999999996,0.3962497895833332,0.750327914583333,1.0627497895833333,1.3335154145833332,1.5626247895833332
0.0499999999999996,0.3962499999999999,0.7503281249999998,1.06275,1.333515625,1.562625
0.0489999999999996,0.39625020624999985,0.7503283312499998,1.06275020625,1.33351583125,1.5626252062500001
0.0479999999999996,0.39625040833333325,0.750328533333333,1.0627504083333335,1.3335160333333334,1.5626254083333333
0.0469999999999996,0.39625060624999986,0.7503287312499997,1.06275060625,1.33351623125,1.56262560625
0.0459999999999996,0.3962507999999999,0.7503289249999998,1.0627507999999999,1.333516425,1.5626258
0.044999999999999596,0.3962509895833332,0.7503291145833332,1.0627509895833334,1.3335166145833335,1.5626259895833332
0.043999999999999595,0.3962511749999999,0.7503292999999998,1.062751175,1.3335168,1.562626175
0.042999999999999594,0.39625135624999985,0.7503294812499997,1.06275135625,1.33351698125,1.56262635625
0.04199999999999959,0.39625153333333324,0.7503296583333331,1.0627515333333333,1.3335171583333334,1.5626265333333333
0.04099999999999959,0.3962517062499999,0.7503298312499997,1.06275170625,1.33351733125,1.56262670625
0.03999999999999959,0.39625187499999986,0.7503299999999997,1.062751875,1.3335175,1.5626268749999999
0.03899999999999959,0.3962520395833332,0.7503301645833331,1.0627520395833332,1.3335176645833333,1.5626270395833333
0.03799999999999959,0.3962521999999999,0.7503303249999997,1.0627522,1.3335178250000002,1.5626272
0.03699999999999959,0.3962523562499999,0.7503304812499998,1.0627523562499999,1.33351798125,1.5626273562500002
0.03599999999999959,0.3962525083333332,0.750330633333333,1.0627525083333333,1.3335181333333332,1.5626275083333332
0.03499999999999959,0.3962526562499999,0.7503307812499997,1.06275265625,1.3335182812500002,1.56262765625
0.033999999999999586,0.3962527999999999,0.7503309249999998,1.0627528,1.333518425,1.5626278
0.032999999999999585,0.39625293958333324,0.7503310645833331,1.0627529395833333,1.3335185645833334,1.5626279395833333
0.031999999999999584,0.3962530749999999,0.7503311999999998,1.0627530749999998,1.3335187,1.562628075
0.030999999999999583,0.3962532062499999,0.7503313312499997,1.06275320625,1.33351883125,1.56262820625
0.029999999999999583,0.39625333333333324,0.7503314583333331,1.0627533333333332,1.3335189583333333,1.5626283333333333
0.02899999999999958,0.3962534562499999,0.7503315812499998,1.06275345625,1.33351908125,1.56262845625
0.02799999999999958,0.3962535749999999,0.7503316999999998,1.062753575,1.3335192,1.5626285750000002
0.02699999999999958,0.39625368958333324,0.7503318145833331,1.0627536895833334,1.3335193145833335,1.5626286895833335
0.02599999999999958,0.3962537999999999,0.7503319249999998,1.0627538,1.333519425,1.5626288
0.024999999999999578,0.3962539062499999,0.7503320312499998,1.06275390625,1.3335195312500001,1.56262890625
0.023999999999999577,0.3962540083333332,0.750332133333333,1.0627540083333333,1.3335196333333332,1.5626290083333332
0.022999999999999576,0.39625410624999985,0.7503322312499997,1.0627541062499999,1.33351973125,1.56262910625
0.021999999999999575,0.39625419999999983,0.7503323249999998,1.0627541999999999,1.333519825,1.5626292
0.020999999999999575,0.3962542895833332,0.7503324145833331,1.0627542895833333,1.3335199145833334,1.5626292895833334
0.019999999999999574,0.3962543749999999,0.7503324999999997,1.062754375,1.33352,1.562629375
0.018999999999999573,0.39625445624999983,0.7503325812499998,1.06275445625,1.33352008125,1.56262945625
0.017999999999999572,0.3962545333333332,0.7503326583333331,1.0627545333333335,1.3335201583333334,1.5626295333333333
0.01699999999999957,0.39625460624999986,0.7503327312499998,1.06275460625,1.3335202312499999,1.56262960625
0.01599999999999957,0.3962546749999999,0.7503327999999997,1.062754675,1.3335203,1.562629675
0.01499999999999957,0.3962547395833332,0.7503328645833331,1.0627547395833332,1.3335203645833333,1.5626297395833333
0.013999999999999568,0.39625479999999985,0.7503329249999998,1.0627548,1.333520425,1.5626298
0.012999999999999567,0.39625485624999984,0.7503329812499997,1.06275485625,1.33352048125,1.5626298562499998
0.011999999999999567,0.3962549083333332,0.7503330333333331,1.0627549083333334,1.3335205333333335,1.5626299083333333
0.010999999999999566,0.3962549562499999,0.7503330812499998,1.06275495625,1.33352058125,1.56262995625
0.009999999999999565,0.3962549999999999,0.7503331249999997,1.0627550000000001,1.3335206249999998,1.56263
0.008999999999999564,0.3962550395833332,0.7503331645833331,1.0627550395833332,1.3335206645833333,1.5626300395833332
0.007999999999999563,0.3962550749999999,0.7503331999999998,1.0627550749999999,1.3335207,1.5626300750000002
0.006999999999999563,0.3962551062499999,0.7503332312499997,1.06275510625,1.3335207312500001,1.56263010625
0.005999999999999563,0.3962551333333332,0.7503332583333331,1.0627551333333334,1.3335207583333333,1.5626301333333332
0.004999999999999563,0.39625515624999985,0.7503332812499997,1.06275515625,1.3335207812499998,1.5626301562499998
0.003999999999999563,0.39625517499999985,0.7503332999999998,1.062755175,1.3335207999999998,1.562630175
0.002999999999999563,0.3962551895833332,0.7503333145833331,1.0627551895833334,1.3335208145833335,1.5626301895833334
0.001999999999999563,0.39625519999999986,0.7503333249999997,1.0627552,1.3335208250000001,1.5626302
